"","avg_temp","precipitation","vegetation_index","noise_level","num_species"
"avg_temp",1,0.0809200016111759,-0.178673916194768,0.109654313285815,-0.213271515549781
"precipitation",0.0809200016111759,1,0.0940377931420183,-0.0488351783152842,0.0561592898878179
"vegetation_index",-0.178673916194768,0.0940377931420183,1,0.063462364345052,0.968332779208944
"noise_level",0.109654313285815,-0.0488351783152842,0.063462364345052,1,-0.106700309605588
"num_species",-0.213271515549781,0.0561592898878179,0.968332779208944,-0.106700309605588,1
